request_id,hospital_id,date,resource_type,quantity,priority,status
1,68,2025-08-23,DOCTORS,18,MEDIUM,OPEN
2,125,2025-08-24,ICU_BEDS,94,HIGH,OPEN
3,52,2025-08-18,AMBULANCE,86,MEDIUM,ESCALATED
4,11,2025-08-14,AMBULANCE,40,MEDIUM,OPEN
5,338,2025-08-13,ICU_BEDS,22,MEDIUM,OPEN
6,187,2025-08-17,OXYGEN_CYLINDER,87,MEDIUM,FULFILLED
7,352,2025-08-27,ICU_BEDS,33,MEDIUM,CANCELLED
8,88,2025-08-08,ICU_BEDS,41,LOW,CANCELLED
9,57,2025-08-25,OXYGEN_CYLINDER,63,LOW,FULFILLED
10,149,2025-08-15,OXYGEN_CYLINDER,66,MEDIUM,ESCALATED
11,37,2025-09-05,VENTILATOR,63,LOW,ESCALATED
12,174,2025-08-20,ICU_BEDS,78,HIGH,FULFILLED
13,106,2025-08-23,DOCTORS,58,LOW,FULFILLED
14,75,2025-08-26,OXYGEN_CYLINDER,80,LOW,FULFILLED
15,182,2025-08-23,ICU_BEDS,56,HIGH,OPEN
16,387,2025-08-13,VENTILATOR,27,LOW,CANCELLED
17,268,2025-08-16,AMBULANCE,9,LOW,FULFILLED
18,190,2025-08-30,DOCTORS,84,HIGH,CANCELLED
19,141,2025-08-29,ICU_BEDS,50,MEDIUM,FULFILLED
20,23,2025-08-22,DOCTORS,59,HIGH,ESCALATED
21,346,2025-08-28,ICU_BEDS,68,HIGH,CANCELLED
22,157,2025-08-27,VENTILATOR,80,MEDIUM,CANCELLED
23,131,2025-08-28,DOCTORS,12,MEDIUM,ESCALATED
24,178,2025-08-13,AMBULANCE,77,MEDIUM,CANCELLED
25,343,2025-09-02,AMBULANCE,33,MEDIUM,ESCALATED
26,351,2025-08-13,ICU_BEDS,73,MEDIUM,FULFILLED
27,346,2025-08-25,OXYGEN_CYLINDER,16,MEDIUM,FULFILLED
28,391,2025-08-24,OXYGEN_CYLINDER,54,LOW,CANCELLED
29,410,2025-08-09,AMBULANCE,97,MEDIUM,OPEN
30,14,2025-09-01,VENTILATOR,63,HIGH,FULFILLED
31,9,2025-08-27,OXYGEN_CYLINDER,85,HIGH,OPEN
32,272,2025-08-21,OXYGEN_CYLINDER,61,MEDIUM,FULFILLED
33,149,2025-08-19,ICU_BEDS,58,MEDIUM,CANCELLED
34,342,2025-09-05,DOCTORS,55,MEDIUM,FULFILLED
35,28,2025-08-13,VENTILATOR,84,MEDIUM,FULFILLED
36,195,2025-08-23,AMBULANCE,65,LOW,OPEN
37,185,2025-08-25,DOCTORS,19,MEDIUM,CANCELLED
38,44,2025-08-23,VENTILATOR,10,LOW,FULFILLED
39,319,2025-08-22,DOCTORS,87,LOW,FULFILLED
40,108,2025-08-15,ICU_BEDS,36,HIGH,ESCALATED
41,298,2025-08-13,VENTILATOR,59,MEDIUM,FULFILLED
42,330,2025-08-12,AMBULANCE,35,LOW,ESCALATED
43,45,2025-08-16,VENTILATOR,78,LOW,FULFILLED
44,357,2025-08-20,ICU_BEDS,38,HIGH,OPEN
45,78,2025-09-04,ICU_BEDS,84,MEDIUM,CANCELLED
46,347,2025-08-14,DOCTORS,89,LOW,OPEN
47,104,2025-08-26,ICU_BEDS,76,HIGH,CANCELLED
48,243,2025-08-27,OXYGEN_CYLINDER,67,HIGH,OPEN
49,165,2025-08-28,AMBULANCE,61,LOW,CANCELLED
50,146,2025-08-08,OXYGEN_CYLINDER,19,HIGH,OPEN
51,82,2025-08-23,VENTILATOR,92,LOW,OPEN
52,344,2025-08-21,DOCTORS,35,LOW,OPEN
53,31,2025-09-01,AMBULANCE,33,HIGH,OPEN
54,294,2025-08-27,ICU_BEDS,9,MEDIUM,CANCELLED
55,391,2025-08-26,VENTILATOR,41,LOW,FULFILLED
56,67,2025-08-31,ICU_BEDS,29,MEDIUM,CANCELLED
57,335,2025-09-03,AMBULANCE,47,MEDIUM,ESCALATED
58,254,2025-09-01,DOCTORS,26,MEDIUM,FULFILLED
59,131,2025-08-22,ICU_BEDS,81,MEDIUM,ESCALATED
60,279,2025-08-31,OXYGEN_CYLINDER,86,HIGH,CANCELLED
61,151,2025-08-15,DOCTORS,52,MEDIUM,ESCALATED
62,150,2025-08-30,OXYGEN_CYLINDER,82,LOW,OPEN
63,211,2025-08-28,ICU_BEDS,61,HIGH,CANCELLED
64,312,2025-08-21,VENTILATOR,29,LOW,FULFILLED
65,98,2025-08-09,ICU_BEDS,62,MEDIUM,OPEN
66,373,2025-08-13,DOCTORS,27,HIGH,OPEN
67,336,2025-08-25,ICU_BEDS,28,HIGH,FULFILLED
68,217,2025-08-30,ICU_BEDS,37,LOW,ESCALATED
69,183,2025-08-11,AMBULANCE,89,LOW,OPEN
70,112,2025-08-23,ICU_BEDS,38,HIGH,ESCALATED
71,187,2025-08-08,DOCTORS,35,MEDIUM,OPEN
72,332,2025-08-12,VENTILATOR,92,LOW,CANCELLED
73,252,2025-08-22,OXYGEN_CYLINDER,21,MEDIUM,OPEN
74,83,2025-08-12,DOCTORS,17,MEDIUM,FULFILLED
75,184,2025-09-02,DOCTORS,65,HIGH,OPEN
76,224,2025-08-19,DOCTORS,53,LOW,OPEN
77,173,2025-09-01,AMBULANCE,18,HIGH,CANCELLED
78,35,2025-08-28,VENTILATOR,28,MEDIUM,CANCELLED
79,116,2025-08-20,VENTILATOR,75,MEDIUM,FULFILLED
80,163,2025-08-25,OXYGEN_CYLINDER,75,HIGH,OPEN
81,43,2025-08-15,VENTILATOR,68,MEDIUM,FULFILLED
82,376,2025-09-04,ICU_BEDS,6,MEDIUM,OPEN
83,324,2025-08-08,VENTILATOR,77,HIGH,CANCELLED
84,409,2025-08-29,OXYGEN_CYLINDER,89,LOW,FULFILLED
85,275,2025-08-19,DOCTORS,65,MEDIUM,OPEN
86,23,2025-09-02,ICU_BEDS,84,LOW,FULFILLED
87,305,2025-09-05,OXYGEN_CYLINDER,26,HIGH,FULFILLED
88,14,2025-08-20,OXYGEN_CYLINDER,26,HIGH,CANCELLED
89,297,2025-08-28,OXYGEN_CYLINDER,63,MEDIUM,FULFILLED
90,38,2025-08-23,OXYGEN_CYLINDER,12,HIGH,CANCELLED
91,86,2025-08-08,ICU_BEDS,79,LOW,OPEN
92,346,2025-09-01,DOCTORS,96,MEDIUM,FULFILLED
93,275,2025-08-18,ICU_BEDS,5,HIGH,CANCELLED
94,189,2025-08-28,DOCTORS,72,MEDIUM,ESCALATED
95,328,2025-08-31,AMBULANCE,46,MEDIUM,CANCELLED
96,392,2025-08-16,OXYGEN_CYLINDER,92,MEDIUM,OPEN
97,9,2025-08-22,VENTILATOR,79,HIGH,ESCALATED
98,33,2025-09-03,DOCTORS,23,HIGH,CANCELLED
99,361,2025-08-16,DOCTORS,15,LOW,CANCELLED
100,310,2025-08-18,OXYGEN_CYLINDER,18,MEDIUM,ESCALATED
101,406,2025-08-21,ICU_BEDS,25,MEDIUM,ESCALATED
102,80,2025-08-08,DOCTORS,98,LOW,FULFILLED
103,415,2025-08-20,DOCTORS,44,HIGH,ESCALATED
104,11,2025-08-29,AMBULANCE,75,MEDIUM,OPEN
105,207,2025-08-25,AMBULANCE,35,HIGH,OPEN
106,334,2025-08-24,OXYGEN_CYLINDER,25,LOW,FULFILLED
107,399,2025-08-22,DOCTORS,16,MEDIUM,OPEN
108,141,2025-08-07,VENTILATOR,30,HIGH,ESCALATED
109,5,2025-08-21,AMBULANCE,38,HIGH,CANCELLED
110,278,2025-08-09,ICU_BEDS,83,MEDIUM,OPEN
111,200,2025-08-25,ICU_BEDS,20,HIGH,FULFILLED
112,189,2025-08-28,AMBULANCE,13,MEDIUM,FULFILLED
113,284,2025-08-21,VENTILATOR,54,MEDIUM,CANCELLED
114,303,2025-09-05,ICU_BEDS,85,HIGH,CANCELLED
115,199,2025-08-17,DOCTORS,11,MEDIUM,ESCALATED
116,187,2025-08-31,ICU_BEDS,30,MEDIUM,OPEN
117,299,2025-08-14,AMBULANCE,66,MEDIUM,OPEN
118,123,2025-08-18,OXYGEN_CYLINDER,17,MEDIUM,FULFILLED
119,383,2025-08-28,VENTILATOR,21,LOW,FULFILLED
120,406,2025-08-08,OXYGEN_CYLINDER,22,LOW,OPEN
121,356,2025-08-28,ICU_BEDS,6,LOW,FULFILLED
122,74,2025-08-26,DOCTORS,92,HIGH,FULFILLED
123,351,2025-09-02,DOCTORS,60,LOW,ESCALATED
124,401,2025-08-16,VENTILATOR,63,HIGH,FULFILLED
125,347,2025-08-20,OXYGEN_CYLINDER,32,MEDIUM,ESCALATED
126,115,2025-09-05,AMBULANCE,43,MEDIUM,ESCALATED
127,169,2025-08-19,VENTILATOR,97,HIGH,OPEN
128,356,2025-08-27,OXYGEN_CYLINDER,40,LOW,FULFILLED
129,380,2025-08-23,OXYGEN_CYLINDER,94,LOW,ESCALATED
130,363,2025-08-29,VENTILATOR,42,HIGH,CANCELLED
131,337,2025-08-07,ICU_BEDS,43,MEDIUM,ESCALATED
132,362,2025-08-30,AMBULANCE,40,HIGH,FULFILLED
133,108,2025-08-12,ICU_BEDS,72,LOW,OPEN
134,141,2025-08-29,VENTILATOR,63,LOW,CANCELLED
135,315,2025-08-16,DOCTORS,74,LOW,OPEN
136,237,2025-08-26,ICU_BEDS,68,HIGH,CANCELLED
137,402,2025-08-19,OXYGEN_CYLINDER,33,MEDIUM,CANCELLED
138,100,2025-08-20,DOCTORS,72,MEDIUM,CANCELLED
139,71,2025-08-16,AMBULANCE,58,HIGH,FULFILLED
140,167,2025-09-05,OXYGEN_CYLINDER,20,HIGH,ESCALATED
141,161,2025-08-21,ICU_BEDS,11,MEDIUM,OPEN
142,256,2025-09-02,OXYGEN_CYLINDER,44,LOW,FULFILLED
143,320,2025-08-14,AMBULANCE,20,MEDIUM,FULFILLED
144,273,2025-08-13,VENTILATOR,63,LOW,ESCALATED
145,100,2025-08-09,ICU_BEDS,89,HIGH,CANCELLED
146,69,2025-08-08,ICU_BEDS,71,HIGH,CANCELLED
147,360,2025-08-20,AMBULANCE,6,LOW,FULFILLED
148,252,2025-08-31,DOCTORS,7,LOW,CANCELLED
149,91,2025-09-02,VENTILATOR,41,LOW,FULFILLED
150,29,2025-08-22,DOCTORS,23,HIGH,CANCELLED
151,217,2025-08-29,ICU_BEDS,32,HIGH,OPEN
152,123,2025-09-03,AMBULANCE,64,MEDIUM,ESCALATED
153,56,2025-08-21,OXYGEN_CYLINDER,73,MEDIUM,OPEN
154,325,2025-08-25,OXYGEN_CYLINDER,76,MEDIUM,CANCELLED
155,145,2025-08-10,ICU_BEDS,74,MEDIUM,OPEN
156,384,2025-09-03,ICU_BEDS,56,MEDIUM,OPEN
157,6,2025-09-05,DOCTORS,17,LOW,ESCALATED
158,149,2025-08-22,AMBULANCE,51,HIGH,CANCELLED
159,320,2025-08-16,DOCTORS,5,HIGH,FULFILLED
160,198,2025-08-21,DOCTORS,54,MEDIUM,FULFILLED
161,104,2025-08-12,ICU_BEDS,91,MEDIUM,FULFILLED
162,193,2025-08-17,ICU_BEDS,97,HIGH,ESCALATED
163,383,2025-08-26,OXYGEN_CYLINDER,29,MEDIUM,CANCELLED
164,285,2025-08-11,OXYGEN_CYLINDER,38,HIGH,ESCALATED
165,4,2025-08-17,DOCTORS,41,LOW,OPEN
166,277,2025-09-04,DOCTORS,86,HIGH,OPEN
167,214,2025-08-11,DOCTORS,82,MEDIUM,ESCALATED
168,351,2025-08-28,OXYGEN_CYLINDER,29,LOW,ESCALATED
169,110,2025-08-11,ICU_BEDS,67,MEDIUM,FULFILLED
170,71,2025-08-11,ICU_BEDS,35,HIGH,OPEN
171,284,2025-08-25,AMBULANCE,50,LOW,OPEN
172,148,2025-08-11,ICU_BEDS,22,LOW,OPEN
173,214,2025-08-31,VENTILATOR,52,LOW,FULFILLED
174,417,2025-08-26,AMBULANCE,41,MEDIUM,FULFILLED
175,386,2025-09-03,ICU_BEDS,53,MEDIUM,ESCALATED
176,419,2025-08-13,VENTILATOR,50,MEDIUM,CANCELLED
177,387,2025-08-15,OXYGEN_CYLINDER,21,MEDIUM,OPEN
178,233,2025-09-05,VENTILATOR,46,HIGH,OPEN
179,288,2025-08-14,DOCTORS,22,LOW,FULFILLED
180,111,2025-08-15,AMBULANCE,74,HIGH,FULFILLED
181,322,2025-08-14,OXYGEN_CYLINDER,48,LOW,ESCALATED
182,144,2025-08-22,AMBULANCE,57,MEDIUM,CANCELLED
183,105,2025-08-12,OXYGEN_CYLINDER,40,HIGH,FULFILLED
184,132,2025-08-22,ICU_BEDS,22,HIGH,OPEN
185,37,2025-08-20,OXYGEN_CYLINDER,58,MEDIUM,CANCELLED
186,180,2025-08-30,ICU_BEDS,74,HIGH,ESCALATED
187,86,2025-08-26,ICU_BEDS,24,MEDIUM,OPEN
188,343,2025-08-21,VENTILATOR,61,HIGH,CANCELLED
189,275,2025-08-15,AMBULANCE,71,HIGH,FULFILLED
190,351,2025-08-15,VENTILATOR,98,LOW,FULFILLED
191,52,2025-08-24,AMBULANCE,61,LOW,FULFILLED
192,91,2025-08-17,DOCTORS,34,LOW,ESCALATED
193,294,2025-09-02,DOCTORS,26,HIGH,CANCELLED
194,79,2025-09-02,ICU_BEDS,45,LOW,FULFILLED
195,340,2025-09-03,OXYGEN_CYLINDER,25,LOW,CANCELLED
196,80,2025-08-11,DOCTORS,39,LOW,CANCELLED
197,20,2025-08-10,ICU_BEDS,58,LOW,ESCALATED
198,192,2025-08-18,DOCTORS,83,HIGH,OPEN
199,303,2025-08-26,OXYGEN_CYLINDER,19,MEDIUM,ESCALATED
200,227,2025-08-14,OXYGEN_CYLINDER,63,HIGH,OPEN
201,390,2025-08-29,DOCTORS,61,LOW,ESCALATED
202,376,2025-08-28,VENTILATOR,71,HIGH,OPEN
203,281,2025-08-14,ICU_BEDS,89,LOW,ESCALATED
204,311,2025-08-16,VENTILATOR,98,MEDIUM,CANCELLED
205,94,2025-08-21,VENTILATOR,22,MEDIUM,OPEN
206,96,2025-08-23,AMBULANCE,35,LOW,FULFILLED
207,213,2025-08-08,OXYGEN_CYLINDER,65,HIGH,OPEN
208,66,2025-08-12,OXYGEN_CYLINDER,69,LOW,ESCALATED
209,187,2025-08-26,AMBULANCE,38,HIGH,CANCELLED
210,345,2025-08-21,DOCTORS,58,MEDIUM,FULFILLED
211,177,2025-08-23,DOCTORS,40,HIGH,ESCALATED
212,275,2025-08-19,AMBULANCE,8,LOW,FULFILLED
213,413,2025-08-10,VENTILATOR,67,LOW,CANCELLED
214,100,2025-08-16,AMBULANCE,34,LOW,FULFILLED
215,348,2025-08-08,ICU_BEDS,48,LOW,OPEN
216,181,2025-08-28,ICU_BEDS,74,MEDIUM,ESCALATED
217,40,2025-08-13,OXYGEN_CYLINDER,38,HIGH,FULFILLED
218,126,2025-08-11,ICU_BEDS,67,LOW,OPEN
219,11,2025-08-07,OXYGEN_CYLINDER,38,LOW,OPEN
220,146,2025-09-05,AMBULANCE,95,MEDIUM,ESCALATED
221,157,2025-08-23,AMBULANCE,60,LOW,CANCELLED
222,5,2025-08-09,DOCTORS,67,MEDIUM,OPEN
223,142,2025-08-08,ICU_BEDS,34,HIGH,FULFILLED
224,70,2025-08-10,ICU_BEDS,79,HIGH,OPEN
225,141,2025-08-23,VENTILATOR,61,LOW,ESCALATED
226,283,2025-08-10,VENTILATOR,69,HIGH,FULFILLED
227,145,2025-08-29,VENTILATOR,66,HIGH,ESCALATED
228,72,2025-08-10,VENTILATOR,82,LOW,FULFILLED
229,166,2025-08-27,DOCTORS,60,LOW,OPEN
230,221,2025-08-12,DOCTORS,24,HIGH,CANCELLED
231,257,2025-08-22,VENTILATOR,61,LOW,FULFILLED
232,322,2025-08-22,OXYGEN_CYLINDER,47,LOW,CANCELLED
233,395,2025-08-16,ICU_BEDS,36,MEDIUM,ESCALATED
234,158,2025-09-04,OXYGEN_CYLINDER,67,MEDIUM,FULFILLED
235,176,2025-09-04,ICU_BEDS,12,HIGH,OPEN
236,91,2025-09-04,DOCTORS,43,LOW,CANCELLED
237,390,2025-08-07,AMBULANCE,33,LOW,OPEN
238,118,2025-08-11,VENTILATOR,54,MEDIUM,OPEN
239,193,2025-09-05,ICU_BEDS,14,HIGH,FULFILLED
240,15,2025-08-18,AMBULANCE,91,MEDIUM,CANCELLED
241,99,2025-08-19,ICU_BEDS,36,MEDIUM,FULFILLED
242,207,2025-08-15,OXYGEN_CYLINDER,60,LOW,OPEN
243,390,2025-08-20,OXYGEN_CYLINDER,66,HIGH,CANCELLED
244,124,2025-08-11,ICU_BEDS,97,MEDIUM,OPEN
245,70,2025-08-30,AMBULANCE,64,HIGH,OPEN
246,111,2025-08-15,VENTILATOR,56,HIGH,OPEN
247,257,2025-08-08,DOCTORS,97,MEDIUM,ESCALATED
248,129,2025-08-27,VENTILATOR,48,LOW,ESCALATED
249,375,2025-08-29,OXYGEN_CYLINDER,82,HIGH,CANCELLED
250,27,2025-08-08,DOCTORS,73,HIGH,OPEN
251,269,2025-08-29,AMBULANCE,63,MEDIUM,OPEN
252,279,2025-08-18,AMBULANCE,26,MEDIUM,FULFILLED
253,392,2025-08-12,DOCTORS,75,LOW,FULFILLED
254,30,2025-08-12,ICU_BEDS,80,HIGH,OPEN
255,204,2025-08-19,DOCTORS,10,MEDIUM,OPEN
256,352,2025-09-01,ICU_BEDS,25,MEDIUM,ESCALATED
257,159,2025-08-20,AMBULANCE,22,HIGH,FULFILLED
258,319,2025-08-08,AMBULANCE,8,LOW,ESCALATED
259,287,2025-08-09,VENTILATOR,90,MEDIUM,CANCELLED
260,12,2025-08-30,AMBULANCE,58,MEDIUM,CANCELLED
261,62,2025-08-13,AMBULANCE,76,HIGH,ESCALATED
262,15,2025-08-12,ICU_BEDS,65,HIGH,CANCELLED
263,272,2025-08-24,DOCTORS,60,LOW,OPEN
264,142,2025-08-22,AMBULANCE,54,MEDIUM,ESCALATED
265,145,2025-08-19,OXYGEN_CYLINDER,80,HIGH,CANCELLED
266,36,2025-09-02,VENTILATOR,22,MEDIUM,ESCALATED
267,354,2025-08-24,ICU_BEDS,29,MEDIUM,ESCALATED
268,247,2025-08-11,ICU_BEDS,16,MEDIUM,CANCELLED
269,382,2025-08-28,DOCTORS,61,HIGH,CANCELLED
270,24,2025-08-31,VENTILATOR,70,LOW,CANCELLED
271,50,2025-08-09,AMBULANCE,29,HIGH,ESCALATED
272,20,2025-08-11,OXYGEN_CYLINDER,8,HIGH,ESCALATED
273,341,2025-08-28,AMBULANCE,65,MEDIUM,OPEN
274,180,2025-08-15,DOCTORS,93,MEDIUM,ESCALATED
275,411,2025-09-04,AMBULANCE,56,LOW,FULFILLED
276,384,2025-08-24,DOCTORS,46,HIGH,CANCELLED
277,379,2025-08-07,DOCTORS,67,HIGH,FULFILLED
278,95,2025-09-04,VENTILATOR,57,HIGH,FULFILLED
279,317,2025-08-23,OXYGEN_CYLINDER,19,HIGH,ESCALATED
280,361,2025-08-30,OXYGEN_CYLINDER,36,LOW,ESCALATED
281,152,2025-08-17,OXYGEN_CYLINDER,22,HIGH,ESCALATED
282,237,2025-08-10,AMBULANCE,30,LOW,OPEN
283,228,2025-09-03,ICU_BEDS,21,MEDIUM,FULFILLED
284,322,2025-08-28,DOCTORS,30,LOW,ESCALATED
285,39,2025-08-08,AMBULANCE,59,LOW,FULFILLED
286,171,2025-08-27,ICU_BEDS,30,MEDIUM,CANCELLED
287,267,2025-08-10,ICU_BEDS,47,MEDIUM,OPEN
288,355,2025-08-09,DOCTORS,13,LOW,FULFILLED
289,130,2025-08-26,ICU_BEDS,27,HIGH,ESCALATED
290,285,2025-08-09,DOCTORS,15,LOW,CANCELLED
291,55,2025-08-16,ICU_BEDS,17,LOW,CANCELLED
292,151,2025-08-27,ICU_BEDS,52,MEDIUM,OPEN
293,31,2025-09-05,ICU_BEDS,53,MEDIUM,CANCELLED
294,132,2025-08-27,ICU_BEDS,72,MEDIUM,CANCELLED
295,389,2025-08-14,OXYGEN_CYLINDER,30,MEDIUM,OPEN
296,309,2025-08-08,VENTILATOR,78,MEDIUM,CANCELLED
297,378,2025-08-25,DOCTORS,56,HIGH,CANCELLED
298,73,2025-09-01,ICU_BEDS,90,MEDIUM,OPEN
299,253,2025-08-29,AMBULANCE,47,MEDIUM,ESCALATED
300,339,2025-08-12,VENTILATOR,6,MEDIUM,CANCELLED
301,49,2025-09-05,OXYGEN_CYLINDER,35,MEDIUM,FULFILLED
302,231,2025-08-20,VENTILATOR,45,HIGH,OPEN
303,303,2025-08-09,AMBULANCE,44,HIGH,CANCELLED
304,318,2025-09-03,DOCTORS,42,LOW,OPEN
305,191,2025-08-29,VENTILATOR,70,LOW,OPEN
306,195,2025-08-13,ICU_BEDS,50,HIGH,CANCELLED
307,329,2025-08-10,OXYGEN_CYLINDER,10,HIGH,CANCELLED
308,306,2025-08-16,VENTILATOR,16,MEDIUM,CANCELLED
309,135,2025-08-23,VENTILATOR,80,MEDIUM,FULFILLED
310,368,2025-08-17,DOCTORS,49,LOW,ESCALATED
311,254,2025-08-23,ICU_BEDS,26,LOW,FULFILLED
312,16,2025-08-21,AMBULANCE,12,LOW,ESCALATED
313,275,2025-08-15,AMBULANCE,71,LOW,CANCELLED
314,281,2025-08-30,ICU_BEDS,48,HIGH,FULFILLED
315,256,2025-08-20,ICU_BEDS,56,LOW,ESCALATED
316,220,2025-08-18,OXYGEN_CYLINDER,25,MEDIUM,OPEN
317,235,2025-08-18,DOCTORS,92,LOW,CANCELLED
318,360,2025-08-18,ICU_BEDS,26,LOW,CANCELLED
319,388,2025-08-21,OXYGEN_CYLINDER,48,HIGH,ESCALATED
320,139,2025-08-18,ICU_BEDS,39,MEDIUM,CANCELLED
321,309,2025-08-27,AMBULANCE,38,MEDIUM,FULFILLED
322,309,2025-09-02,ICU_BEDS,20,HIGH,FULFILLED
323,262,2025-08-07,VENTILATOR,10,HIGH,FULFILLED
324,305,2025-08-26,AMBULANCE,70,MEDIUM,ESCALATED
325,341,2025-08-13,VENTILATOR,81,LOW,FULFILLED
326,297,2025-08-22,VENTILATOR,20,HIGH,OPEN
327,169,2025-08-26,DOCTORS,66,MEDIUM,CANCELLED
328,9,2025-09-05,AMBULANCE,76,MEDIUM,OPEN
329,175,2025-08-25,OXYGEN_CYLINDER,75,HIGH,FULFILLED
330,13,2025-08-11,OXYGEN_CYLINDER,73,HIGH,FULFILLED
331,346,2025-08-14,ICU_BEDS,56,LOW,FULFILLED
332,210,2025-08-21,DOCTORS,25,LOW,ESCALATED
333,267,2025-08-21,ICU_BEDS,34,HIGH,CANCELLED
334,295,2025-08-07,VENTILATOR,56,LOW,OPEN
335,404,2025-08-11,VENTILATOR,61,MEDIUM,CANCELLED
336,182,2025-08-15,OXYGEN_CYLINDER,60,LOW,ESCALATED
337,167,2025-08-22,VENTILATOR,43,HIGH,FULFILLED
338,7,2025-08-09,VENTILATOR,88,LOW,FULFILLED
339,259,2025-08-09,OXYGEN_CYLINDER,32,HIGH,OPEN
340,353,2025-08-30,AMBULANCE,22,LOW,FULFILLED
341,321,2025-08-10,ICU_BEDS,20,HIGH,FULFILLED
342,116,2025-08-31,DOCTORS,75,MEDIUM,ESCALATED
343,302,2025-08-31,VENTILATOR,49,HIGH,OPEN
344,384,2025-08-17,VENTILATOR,90,LOW,CANCELLED
345,10,2025-08-09,AMBULANCE,85,MEDIUM,ESCALATED
346,291,2025-08-11,AMBULANCE,26,HIGH,CANCELLED
347,85,2025-08-20,DOCTORS,74,MEDIUM,ESCALATED
348,401,2025-09-02,OXYGEN_CYLINDER,15,LOW,OPEN
349,266,2025-08-23,ICU_BEDS,50,HIGH,OPEN
350,21,2025-08-10,AMBULANCE,12,HIGH,CANCELLED
351,360,2025-08-21,ICU_BEDS,37,LOW,OPEN
352,198,2025-08-09,DOCTORS,93,LOW,OPEN
353,323,2025-09-04,DOCTORS,40,MEDIUM,OPEN
354,333,2025-08-28,OXYGEN_CYLINDER,37,MEDIUM,OPEN
355,65,2025-08-17,ICU_BEDS,71,LOW,FULFILLED
356,21,2025-08-12,OXYGEN_CYLINDER,66,HIGH,FULFILLED
357,159,2025-08-12,VENTILATOR,92,HIGH,ESCALATED
358,39,2025-08-12,OXYGEN_CYLINDER,52,LOW,FULFILLED
359,240,2025-08-22,OXYGEN_CYLINDER,85,HIGH,OPEN
360,63,2025-09-02,AMBULANCE,19,LOW,CANCELLED
361,329,2025-08-22,VENTILATOR,83,MEDIUM,OPEN
362,294,2025-08-10,ICU_BEDS,95,MEDIUM,CANCELLED
363,265,2025-09-05,AMBULANCE,64,MEDIUM,CANCELLED
364,108,2025-08-09,ICU_BEDS,59,MEDIUM,ESCALATED
365,115,2025-08-13,OXYGEN_CYLINDER,5,HIGH,OPEN
366,111,2025-08-07,OXYGEN_CYLINDER,77,LOW,OPEN
367,4,2025-08-18,AMBULANCE,70,HIGH,ESCALATED
368,85,2025-08-24,AMBULANCE,80,MEDIUM,OPEN
369,87,2025-08-19,OXYGEN_CYLINDER,48,MEDIUM,ESCALATED
370,417,2025-08-25,OXYGEN_CYLINDER,22,HIGH,ESCALATED
371,273,2025-08-11,ICU_BEDS,36,LOW,CANCELLED
372,49,2025-09-02,DOCTORS,83,HIGH,OPEN
373,391,2025-08-22,VENTILATOR,80,MEDIUM,CANCELLED
374,259,2025-08-23,DOCTORS,60,MEDIUM,FULFILLED
375,357,2025-09-05,OXYGEN_CYLINDER,73,HIGH,CANCELLED
376,262,2025-08-17,OXYGEN_CYLINDER,19,HIGH,FULFILLED
377,124,2025-08-17,DOCTORS,60,HIGH,FULFILLED
378,72,2025-08-09,ICU_BEDS,89,LOW,FULFILLED
379,139,2025-08-27,AMBULANCE,37,HIGH,FULFILLED
380,162,2025-09-05,OXYGEN_CYLINDER,50,HIGH,FULFILLED
381,248,2025-09-05,ICU_BEDS,43,HIGH,FULFILLED
382,44,2025-08-25,ICU_BEDS,77,LOW,FULFILLED
383,307,2025-08-17,OXYGEN_CYLINDER,62,MEDIUM,FULFILLED
384,389,2025-08-31,AMBULANCE,21,MEDIUM,FULFILLED
385,240,2025-08-21,OXYGEN_CYLINDER,8,MEDIUM,ESCALATED
386,336,2025-08-20,OXYGEN_CYLINDER,83,LOW,FULFILLED
387,336,2025-08-12,AMBULANCE,26,LOW,ESCALATED
388,241,2025-08-31,VENTILATOR,37,LOW,ESCALATED
389,274,2025-08-18,OXYGEN_CYLINDER,86,LOW,ESCALATED
390,28,2025-08-24,DOCTORS,54,MEDIUM,FULFILLED
391,395,2025-09-03,OXYGEN_CYLINDER,87,HIGH,OPEN
392,184,2025-08-13,VENTILATOR,96,HIGH,ESCALATED
393,280,2025-09-05,AMBULANCE,81,HIGH,CANCELLED
394,322,2025-08-26,ICU_BEDS,36,MEDIUM,ESCALATED
395,391,2025-08-13,DOCTORS,79,MEDIUM,FULFILLED
396,158,2025-08-09,ICU_BEDS,27,LOW,FULFILLED
397,188,2025-08-12,VENTILATOR,76,LOW,OPEN
398,123,2025-09-02,VENTILATOR,25,MEDIUM,OPEN
399,114,2025-08-23,DOCTORS,40,MEDIUM,CANCELLED
400,1,2025-08-13,DOCTORS,71,MEDIUM,OPEN
401,416,2025-08-07,DOCTORS,54,LOW,ESCALATED
402,294,2025-08-09,VENTILATOR,50,MEDIUM,CANCELLED
403,264,2025-08-09,ICU_BEDS,98,MEDIUM,OPEN
404,34,2025-08-07,ICU_BEDS,26,LOW,CANCELLED
405,182,2025-08-24,VENTILATOR,8,LOW,FULFILLED
406,339,2025-08-07,OXYGEN_CYLINDER,95,MEDIUM,OPEN
407,103,2025-08-13,AMBULANCE,28,MEDIUM,ESCALATED
408,28,2025-09-01,VENTILATOR,61,HIGH,FULFILLED
409,283,2025-08-11,VENTILATOR,15,MEDIUM,FULFILLED
410,6,2025-08-22,VENTILATOR,99,MEDIUM,CANCELLED
411,345,2025-09-05,OXYGEN_CYLINDER,54,MEDIUM,ESCALATED
412,386,2025-08-28,AMBULANCE,76,MEDIUM,OPEN
413,2,2025-08-22,VENTILATOR,64,MEDIUM,OPEN
414,182,2025-09-04,OXYGEN_CYLINDER,26,MEDIUM,FULFILLED
415,414,2025-08-29,AMBULANCE,9,HIGH,CANCELLED
416,58,2025-08-19,ICU_BEDS,18,HIGH,ESCALATED
417,248,2025-08-14,AMBULANCE,35,MEDIUM,ESCALATED
418,99,2025-08-19,VENTILATOR,98,HIGH,CANCELLED
419,162,2025-08-27,OXYGEN_CYLINDER,67,MEDIUM,CANCELLED
420,43,2025-08-29,AMBULANCE,25,MEDIUM,CANCELLED
421,223,2025-08-26,AMBULANCE,25,MEDIUM,FULFILLED
422,329,2025-08-27,OXYGEN_CYLINDER,95,LOW,OPEN
423,133,2025-08-07,DOCTORS,80,LOW,ESCALATED
424,292,2025-08-19,VENTILATOR,14,LOW,ESCALATED
425,409,2025-08-16,VENTILATOR,28,LOW,OPEN
426,309,2025-08-30,DOCTORS,77,LOW,CANCELLED
427,275,2025-08-14,VENTILATOR,26,LOW,OPEN
428,369,2025-08-16,DOCTORS,50,LOW,ESCALATED
429,185,2025-08-10,OXYGEN_CYLINDER,94,HIGH,FULFILLED
430,96,2025-08-13,VENTILATOR,39,HIGH,FULFILLED
431,122,2025-08-15,AMBULANCE,32,HIGH,OPEN
432,166,2025-08-19,VENTILATOR,81,HIGH,ESCALATED
433,407,2025-08-20,OXYGEN_CYLINDER,30,HIGH,FULFILLED
434,319,2025-08-14,VENTILATOR,49,HIGH,FULFILLED
435,378,2025-08-31,AMBULANCE,86,MEDIUM,OPEN
436,256,2025-08-11,OXYGEN_CYLINDER,20,HIGH,CANCELLED
437,267,2025-08-16,DOCTORS,59,LOW,CANCELLED
438,52,2025-08-13,DOCTORS,33,LOW,ESCALATED
439,181,2025-08-20,DOCTORS,93,HIGH,CANCELLED
440,387,2025-09-05,DOCTORS,68,LOW,CANCELLED
441,138,2025-08-18,OXYGEN_CYLINDER,94,HIGH,ESCALATED
442,46,2025-08-29,AMBULANCE,33,MEDIUM,ESCALATED
443,359,2025-08-20,OXYGEN_CYLINDER,6,MEDIUM,OPEN
444,128,2025-09-04,VENTILATOR,89,HIGH,OPEN
445,162,2025-08-21,DOCTORS,99,LOW,ESCALATED
446,214,2025-08-25,ICU_BEDS,14,MEDIUM,ESCALATED
447,12,2025-08-11,OXYGEN_CYLINDER,60,MEDIUM,ESCALATED
448,71,2025-08-21,VENTILATOR,43,HIGH,CANCELLED
449,50,2025-08-17,DOCTORS,99,MEDIUM,ESCALATED
450,10,2025-09-04,DOCTORS,31,HIGH,ESCALATED
451,177,2025-08-13,AMBULANCE,79,MEDIUM,OPEN
452,366,2025-08-14,OXYGEN_CYLINDER,63,MEDIUM,CANCELLED
453,15,2025-08-14,AMBULANCE,16,HIGH,OPEN
454,59,2025-09-05,OXYGEN_CYLINDER,64,MEDIUM,OPEN
455,147,2025-09-03,DOCTORS,58,HIGH,FULFILLED
456,408,2025-08-13,VENTILATOR,90,HIGH,CANCELLED
457,262,2025-08-13,ICU_BEDS,52,LOW,ESCALATED
458,72,2025-09-01,ICU_BEDS,73,MEDIUM,OPEN
459,233,2025-08-22,AMBULANCE,60,MEDIUM,OPEN
460,138,2025-08-24,AMBULANCE,56,LOW,ESCALATED
461,327,2025-08-20,VENTILATOR,12,HIGH,FULFILLED
462,306,2025-09-05,DOCTORS,38,HIGH,ESCALATED
463,63,2025-08-22,OXYGEN_CYLINDER,82,HIGH,OPEN
464,94,2025-08-24,OXYGEN_CYLINDER,63,LOW,ESCALATED
465,59,2025-08-09,OXYGEN_CYLINDER,41,HIGH,OPEN
466,60,2025-08-14,DOCTORS,38,HIGH,CANCELLED
467,96,2025-08-17,ICU_BEDS,9,LOW,ESCALATED
468,200,2025-08-25,ICU_BEDS,87,LOW,CANCELLED
469,227,2025-09-03,OXYGEN_CYLINDER,48,LOW,ESCALATED
470,297,2025-08-27,AMBULANCE,26,HIGH,FULFILLED
471,383,2025-08-07,ICU_BEDS,12,HIGH,CANCELLED
472,299,2025-08-25,DOCTORS,76,HIGH,CANCELLED
473,115,2025-08-09,AMBULANCE,81,LOW,CANCELLED
474,33,2025-09-05,OXYGEN_CYLINDER,5,MEDIUM,OPEN
475,253,2025-08-16,OXYGEN_CYLINDER,11,LOW,ESCALATED
476,52,2025-08-14,ICU_BEDS,46,LOW,CANCELLED
477,412,2025-08-08,ICU_BEDS,70,HIGH,ESCALATED
478,89,2025-08-24,DOCTORS,23,HIGH,ESCALATED
479,272,2025-08-27,DOCTORS,83,HIGH,CANCELLED
480,142,2025-08-29,VENTILATOR,39,MEDIUM,OPEN
481,241,2025-08-20,VENTILATOR,31,LOW,OPEN
482,108,2025-08-28,DOCTORS,49,HIGH,ESCALATED
483,88,2025-09-04,VENTILATOR,61,LOW,ESCALATED
484,120,2025-08-07,OXYGEN_CYLINDER,82,MEDIUM,FULFILLED
485,142,2025-08-31,ICU_BEDS,11,LOW,OPEN
486,209,2025-09-04,AMBULANCE,58,HIGH,ESCALATED
487,133,2025-08-13,AMBULANCE,72,HIGH,ESCALATED
488,225,2025-09-02,DOCTORS,39,MEDIUM,CANCELLED
489,15,2025-08-13,OXYGEN_CYLINDER,80,MEDIUM,CANCELLED
490,124,2025-09-03,DOCTORS,65,LOW,CANCELLED
491,309,2025-08-13,ICU_BEDS,33,LOW,OPEN
492,86,2025-08-24,ICU_BEDS,15,LOW,ESCALATED
493,304,2025-08-16,AMBULANCE,48,MEDIUM,ESCALATED
494,213,2025-08-18,VENTILATOR,79,MEDIUM,FULFILLED
495,284,2025-08-14,OXYGEN_CYLINDER,52,LOW,FULFILLED
496,45,2025-08-11,VENTILATOR,5,LOW,OPEN
497,26,2025-08-24,ICU_BEDS,41,LOW,CANCELLED
498,85,2025-08-24,VENTILATOR,89,HIGH,CANCELLED
499,379,2025-08-15,ICU_BEDS,96,MEDIUM,FULFILLED
500,42,2025-08-27,ICU_BEDS,19,HIGH,OPEN
501,25,2025-08-16,AMBULANCE,81,HIGH,CANCELLED
502,318,2025-09-04,DOCTORS,46,HIGH,ESCALATED
503,203,2025-08-20,ICU_BEDS,8,MEDIUM,FULFILLED
504,7,2025-09-01,VENTILATOR,37,HIGH,OPEN
505,200,2025-08-30,ICU_BEDS,52,LOW,ESCALATED
506,408,2025-08-15,AMBULANCE,26,MEDIUM,CANCELLED
507,316,2025-08-24,DOCTORS,85,MEDIUM,ESCALATED
508,219,2025-08-10,AMBULANCE,88,HIGH,OPEN
509,291,2025-08-12,ICU_BEDS,60,MEDIUM,ESCALATED
510,407,2025-08-25,DOCTORS,54,HIGH,CANCELLED
511,408,2025-08-27,VENTILATOR,55,LOW,OPEN
512,102,2025-09-04,AMBULANCE,96,LOW,ESCALATED
513,260,2025-08-28,DOCTORS,93,HIGH,ESCALATED
514,115,2025-08-24,AMBULANCE,14,HIGH,ESCALATED
515,315,2025-08-07,VENTILATOR,30,LOW,OPEN
516,130,2025-08-31,OXYGEN_CYLINDER,77,HIGH,ESCALATED
517,365,2025-09-01,ICU_BEDS,44,HIGH,FULFILLED
518,344,2025-08-23,VENTILATOR,14,MEDIUM,CANCELLED
519,284,2025-08-30,ICU_BEDS,27,HIGH,ESCALATED
520,153,2025-08-23,VENTILATOR,33,LOW,FULFILLED
521,133,2025-08-11,DOCTORS,12,MEDIUM,FULFILLED
522,257,2025-08-21,AMBULANCE,55,HIGH,OPEN
523,203,2025-09-04,DOCTORS,28,HIGH,CANCELLED
524,18,2025-08-19,DOCTORS,9,MEDIUM,ESCALATED
525,122,2025-08-18,VENTILATOR,95,MEDIUM,FULFILLED
526,214,2025-08-25,DOCTORS,66,LOW,CANCELLED
527,72,2025-08-19,OXYGEN_CYLINDER,21,LOW,OPEN
528,391,2025-09-01,VENTILATOR,8,MEDIUM,ESCALATED
529,123,2025-09-01,AMBULANCE,41,LOW,FULFILLED
530,71,2025-08-08,OXYGEN_CYLINDER,59,HIGH,ESCALATED
531,14,2025-08-11,ICU_BEDS,43,HIGH,OPEN
532,379,2025-08-10,VENTILATOR,6,LOW,CANCELLED
533,210,2025-08-18,ICU_BEDS,68,LOW,CANCELLED
534,68,2025-08-19,AMBULANCE,63,LOW,OPEN
535,181,2025-08-21,ICU_BEDS,44,HIGH,CANCELLED
536,399,2025-08-22,VENTILATOR,74,MEDIUM,ESCALATED
537,215,2025-09-01,DOCTORS,47,MEDIUM,FULFILLED
538,243,2025-08-10,VENTILATOR,71,LOW,ESCALATED
539,13,2025-08-11,AMBULANCE,78,HIGH,FULFILLED
540,38,2025-09-04,DOCTORS,38,LOW,ESCALATED
541,235,2025-08-23,AMBULANCE,45,MEDIUM,CANCELLED
542,213,2025-09-05,AMBULANCE,13,HIGH,FULFILLED
543,175,2025-08-28,VENTILATOR,17,MEDIUM,ESCALATED
544,266,2025-08-17,OXYGEN_CYLINDER,27,MEDIUM,ESCALATED
545,374,2025-08-19,ICU_BEDS,87,LOW,CANCELLED
546,420,2025-09-01,OXYGEN_CYLINDER,75,MEDIUM,ESCALATED
547,275,2025-08-17,DOCTORS,13,HIGH,ESCALATED
548,155,2025-09-03,OXYGEN_CYLINDER,58,HIGH,FULFILLED
549,324,2025-09-02,VENTILATOR,13,MEDIUM,FULFILLED
550,146,2025-08-24,VENTILATOR,20,LOW,OPEN
551,204,2025-08-24,AMBULANCE,88,LOW,FULFILLED
552,378,2025-09-02,ICU_BEDS,90,HIGH,FULFILLED
553,401,2025-08-27,ICU_BEDS,89,MEDIUM,FULFILLED
554,86,2025-08-20,VENTILATOR,16,LOW,FULFILLED
555,331,2025-08-31,OXYGEN_CYLINDER,96,HIGH,ESCALATED
556,332,2025-08-16,VENTILATOR,89,MEDIUM,CANCELLED
557,253,2025-08-20,VENTILATOR,69,MEDIUM,OPEN
558,416,2025-08-20,AMBULANCE,72,HIGH,OPEN
559,166,2025-08-14,VENTILATOR,56,LOW,ESCALATED
560,391,2025-08-09,OXYGEN_CYLINDER,39,HIGH,ESCALATED
561,374,2025-08-26,DOCTORS,56,MEDIUM,ESCALATED
562,343,2025-08-27,ICU_BEDS,62,LOW,CANCELLED
563,397,2025-08-29,ICU_BEDS,23,MEDIUM,ESCALATED
564,138,2025-08-21,AMBULANCE,55,LOW,FULFILLED
565,131,2025-08-23,DOCTORS,65,MEDIUM,CANCELLED
566,11,2025-09-01,VENTILATOR,96,LOW,OPEN
567,55,2025-08-24,OXYGEN_CYLINDER,43,MEDIUM,OPEN
568,34,2025-08-10,DOCTORS,61,MEDIUM,OPEN
569,394,2025-08-18,DOCTORS,19,LOW,OPEN
570,255,2025-09-05,VENTILATOR,53,LOW,OPEN
571,303,2025-09-05,DOCTORS,97,LOW,ESCALATED
572,336,2025-08-30,DOCTORS,98,MEDIUM,OPEN
573,380,2025-08-07,DOCTORS,91,LOW,OPEN
574,88,2025-08-16,ICU_BEDS,37,HIGH,OPEN
575,153,2025-08-24,DOCTORS,54,MEDIUM,CANCELLED
576,393,2025-08-07,DOCTORS,39,LOW,ESCALATED
577,370,2025-08-22,AMBULANCE,40,LOW,ESCALATED
578,32,2025-08-19,AMBULANCE,44,MEDIUM,ESCALATED
579,214,2025-08-22,AMBULANCE,42,LOW,OPEN
580,261,2025-08-30,OXYGEN_CYLINDER,72,MEDIUM,OPEN
581,196,2025-08-12,VENTILATOR,82,LOW,FULFILLED
582,239,2025-09-03,VENTILATOR,26,HIGH,CANCELLED
583,418,2025-08-14,DOCTORS,20,MEDIUM,CANCELLED
584,67,2025-08-18,DOCTORS,89,LOW,FULFILLED
585,378,2025-08-23,DOCTORS,55,HIGH,FULFILLED
586,322,2025-08-07,DOCTORS,89,MEDIUM,OPEN
587,412,2025-08-16,VENTILATOR,76,HIGH,FULFILLED
588,213,2025-08-10,VENTILATOR,16,HIGH,CANCELLED
589,288,2025-08-21,DOCTORS,71,MEDIUM,FULFILLED
590,64,2025-08-12,VENTILATOR,12,MEDIUM,FULFILLED
591,385,2025-08-27,ICU_BEDS,28,LOW,ESCALATED
592,223,2025-08-23,ICU_BEDS,10,LOW,CANCELLED
593,361,2025-09-01,VENTILATOR,30,LOW,CANCELLED
594,166,2025-08-26,AMBULANCE,76,MEDIUM,OPEN
595,47,2025-08-27,VENTILATOR,99,HIGH,OPEN
596,55,2025-08-19,ICU_BEDS,42,LOW,CANCELLED
597,202,2025-08-27,DOCTORS,34,MEDIUM,CANCELLED
598,329,2025-08-14,DOCTORS,73,LOW,FULFILLED
599,83,2025-08-25,DOCTORS,14,LOW,ESCALATED
600,238,2025-08-25,AMBULANCE,68,MEDIUM,OPEN
601,97,2025-08-30,OXYGEN_CYLINDER,23,HIGH,OPEN
602,290,2025-09-01,ICU_BEDS,28,LOW,OPEN
603,4,2025-09-04,VENTILATOR,61,HIGH,ESCALATED
604,17,2025-09-05,OXYGEN_CYLINDER,79,LOW,ESCALATED
605,37,2025-08-11,OXYGEN_CYLINDER,5,MEDIUM,ESCALATED
606,349,2025-08-30,AMBULANCE,26,HIGH,ESCALATED
607,70,2025-08-25,VENTILATOR,22,LOW,FULFILLED
608,34,2025-08-29,VENTILATOR,13,HIGH,FULFILLED
609,341,2025-08-28,ICU_BEDS,57,HIGH,CANCELLED
610,200,2025-08-18,DOCTORS,9,MEDIUM,CANCELLED
611,189,2025-08-29,DOCTORS,9,HIGH,ESCALATED
612,217,2025-08-19,VENTILATOR,46,HIGH,OPEN
613,77,2025-08-30,ICU_BEDS,59,MEDIUM,ESCALATED
614,79,2025-08-07,DOCTORS,80,LOW,ESCALATED
615,298,2025-08-21,VENTILATOR,70,MEDIUM,CANCELLED
616,294,2025-08-16,AMBULANCE,90,LOW,ESCALATED
617,48,2025-08-10,DOCTORS,83,HIGH,CANCELLED
618,53,2025-08-31,VENTILATOR,41,LOW,ESCALATED
619,304,2025-08-14,VENTILATOR,51,LOW,ESCALATED
620,280,2025-08-09,OXYGEN_CYLINDER,53,MEDIUM,OPEN
621,418,2025-08-09,DOCTORS,46,LOW,ESCALATED
622,386,2025-09-01,AMBULANCE,7,MEDIUM,OPEN
623,158,2025-09-03,AMBULANCE,66,HIGH,FULFILLED
624,270,2025-08-12,VENTILATOR,72,LOW,OPEN
625,372,2025-08-22,VENTILATOR,15,MEDIUM,FULFILLED
626,341,2025-08-30,DOCTORS,33,LOW,ESCALATED
627,200,2025-08-29,OXYGEN_CYLINDER,45,MEDIUM,OPEN
628,391,2025-09-03,DOCTORS,9,HIGH,ESCALATED
629,132,2025-08-21,VENTILATOR,63,MEDIUM,CANCELLED
630,314,2025-09-03,DOCTORS,73,LOW,FULFILLED
631,397,2025-08-24,OXYGEN_CYLINDER,47,LOW,OPEN
632,247,2025-08-08,AMBULANCE,62,HIGH,OPEN
633,313,2025-08-27,DOCTORS,91,LOW,OPEN
634,52,2025-08-24,VENTILATOR,94,HIGH,CANCELLED
635,354,2025-08-29,ICU_BEDS,88,LOW,CANCELLED
636,141,2025-08-25,ICU_BEDS,66,MEDIUM,OPEN
637,287,2025-08-28,OXYGEN_CYLINDER,38,LOW,OPEN
638,394,2025-08-20,ICU_BEDS,74,LOW,FULFILLED
639,89,2025-08-26,OXYGEN_CYLINDER,42,LOW,OPEN
640,230,2025-08-07,AMBULANCE,8,LOW,ESCALATED
641,397,2025-08-21,ICU_BEDS,57,LOW,FULFILLED
642,340,2025-08-18,AMBULANCE,15,MEDIUM,OPEN
643,118,2025-08-29,OXYGEN_CYLINDER,97,MEDIUM,CANCELLED
644,304,2025-09-02,DOCTORS,25,MEDIUM,CANCELLED
645,228,2025-08-23,AMBULANCE,90,MEDIUM,FULFILLED
646,21,2025-09-05,VENTILATOR,79,LOW,CANCELLED
647,134,2025-08-16,VENTILATOR,44,HIGH,FULFILLED
648,353,2025-08-10,OXYGEN_CYLINDER,69,MEDIUM,CANCELLED
649,390,2025-09-01,ICU_BEDS,98,MEDIUM,ESCALATED
650,26,2025-09-05,DOCTORS,5,HIGH,OPEN
651,318,2025-08-11,ICU_BEDS,18,LOW,OPEN
652,51,2025-09-03,DOCTORS,69,MEDIUM,OPEN
653,83,2025-08-07,VENTILATOR,24,MEDIUM,ESCALATED
654,70,2025-08-10,OXYGEN_CYLINDER,27,MEDIUM,ESCALATED
655,247,2025-08-22,DOCTORS,65,HIGH,FULFILLED
656,380,2025-08-27,ICU_BEDS,73,HIGH,CANCELLED
657,147,2025-09-05,AMBULANCE,97,HIGH,OPEN
658,368,2025-08-22,ICU_BEDS,54,LOW,CANCELLED
659,353,2025-08-21,DOCTORS,20,HIGH,ESCALATED
660,294,2025-08-26,OXYGEN_CYLINDER,65,MEDIUM,OPEN
661,38,2025-08-10,AMBULANCE,15,LOW,ESCALATED
662,382,2025-08-11,ICU_BEDS,79,HIGH,FULFILLED
663,83,2025-08-28,ICU_BEDS,23,MEDIUM,CANCELLED
664,267,2025-08-15,ICU_BEDS,49,MEDIUM,FULFILLED
665,111,2025-08-12,AMBULANCE,31,LOW,CANCELLED
666,94,2025-08-14,AMBULANCE,99,MEDIUM,CANCELLED
667,362,2025-08-21,VENTILATOR,85,HIGH,FULFILLED
668,85,2025-08-08,AMBULANCE,15,MEDIUM,FULFILLED
669,25,2025-08-13,OXYGEN_CYLINDER,9,HIGH,OPEN
670,252,2025-08-08,DOCTORS,92,LOW,OPEN
671,189,2025-08-27,OXYGEN_CYLINDER,12,LOW,CANCELLED
672,84,2025-08-13,OXYGEN_CYLINDER,26,LOW,OPEN
673,257,2025-08-11,VENTILATOR,76,MEDIUM,ESCALATED
674,96,2025-09-05,ICU_BEDS,31,LOW,OPEN
675,410,2025-08-10,ICU_BEDS,48,MEDIUM,FULFILLED
676,48,2025-08-23,OXYGEN_CYLINDER,88,HIGH,FULFILLED
677,121,2025-09-04,ICU_BEDS,51,MEDIUM,ESCALATED
678,116,2025-08-30,VENTILATOR,61,LOW,CANCELLED
679,97,2025-08-09,VENTILATOR,42,LOW,ESCALATED
680,205,2025-08-19,ICU_BEDS,87,HIGH,OPEN
681,28,2025-08-30,OXYGEN_CYLINDER,49,HIGH,OPEN
682,263,2025-08-21,ICU_BEDS,26,LOW,CANCELLED
683,270,2025-08-16,DOCTORS,24,HIGH,ESCALATED
684,253,2025-09-04,DOCTORS,79,MEDIUM,CANCELLED
685,42,2025-09-02,AMBULANCE,7,HIGH,CANCELLED
686,306,2025-08-27,DOCTORS,94,LOW,FULFILLED
687,311,2025-08-29,VENTILATOR,95,LOW,ESCALATED
688,86,2025-08-09,OXYGEN_CYLINDER,32,LOW,ESCALATED
689,413,2025-08-15,DOCTORS,76,MEDIUM,CANCELLED
690,239,2025-08-16,DOCTORS,36,HIGH,OPEN
691,199,2025-08-11,OXYGEN_CYLINDER,82,MEDIUM,OPEN
692,40,2025-08-14,DOCTORS,12,MEDIUM,CANCELLED
693,293,2025-09-01,ICU_BEDS,73,HIGH,FULFILLED
694,45,2025-08-14,OXYGEN_CYLINDER,83,LOW,CANCELLED
695,169,2025-08-31,AMBULANCE,93,MEDIUM,CANCELLED
696,411,2025-08-23,ICU_BEDS,33,HIGH,ESCALATED
697,308,2025-08-10,AMBULANCE,30,HIGH,ESCALATED
698,296,2025-08-14,OXYGEN_CYLINDER,65,MEDIUM,OPEN
699,328,2025-08-14,VENTILATOR,21,HIGH,ESCALATED
700,192,2025-08-15,AMBULANCE,96,LOW,ESCALATED
701,104,2025-08-31,DOCTORS,13,LOW,FULFILLED
702,237,2025-08-20,AMBULANCE,51,HIGH,FULFILLED
703,24,2025-08-25,DOCTORS,67,HIGH,ESCALATED
704,133,2025-08-21,AMBULANCE,46,LOW,OPEN
705,285,2025-08-14,DOCTORS,52,LOW,ESCALATED
706,54,2025-08-21,OXYGEN_CYLINDER,51,HIGH,OPEN
707,209,2025-08-19,DOCTORS,82,MEDIUM,OPEN
708,82,2025-08-20,ICU_BEDS,26,MEDIUM,FULFILLED
709,192,2025-08-22,OXYGEN_CYLINDER,67,MEDIUM,CANCELLED
710,70,2025-08-18,ICU_BEDS,50,MEDIUM,FULFILLED
711,393,2025-09-02,VENTILATOR,15,LOW,ESCALATED
712,74,2025-08-14,VENTILATOR,88,HIGH,CANCELLED
713,225,2025-08-25,AMBULANCE,45,MEDIUM,ESCALATED
714,197,2025-08-12,AMBULANCE,50,HIGH,OPEN
715,252,2025-09-01,VENTILATOR,68,MEDIUM,ESCALATED
716,69,2025-08-15,OXYGEN_CYLINDER,82,LOW,ESCALATED
717,294,2025-08-17,VENTILATOR,24,MEDIUM,OPEN
718,33,2025-08-13,DOCTORS,64,LOW,ESCALATED
719,415,2025-08-26,DOCTORS,13,HIGH,OPEN
720,258,2025-09-05,DOCTORS,82,MEDIUM,FULFILLED
721,44,2025-09-05,DOCTORS,36,MEDIUM,FULFILLED
722,16,2025-08-16,DOCTORS,22,HIGH,FULFILLED
723,386,2025-08-26,OXYGEN_CYLINDER,19,MEDIUM,CANCELLED
724,139,2025-09-05,VENTILATOR,66,LOW,OPEN
725,219,2025-08-12,DOCTORS,52,MEDIUM,ESCALATED
726,214,2025-08-30,VENTILATOR,44,HIGH,FULFILLED
727,171,2025-08-25,ICU_BEDS,12,LOW,CANCELLED
728,150,2025-08-24,OXYGEN_CYLINDER,39,LOW,ESCALATED
729,24,2025-08-13,AMBULANCE,33,MEDIUM,ESCALATED
730,209,2025-08-16,ICU_BEDS,43,MEDIUM,FULFILLED
731,32,2025-08-30,OXYGEN_CYLINDER,48,LOW,FULFILLED
732,359,2025-08-23,AMBULANCE,29,MEDIUM,FULFILLED
733,147,2025-08-16,OXYGEN_CYLINDER,90,MEDIUM,FULFILLED
734,326,2025-08-07,AMBULANCE,38,MEDIUM,ESCALATED
735,250,2025-09-01,ICU_BEDS,79,HIGH,ESCALATED
736,122,2025-08-12,ICU_BEDS,73,HIGH,FULFILLED
737,201,2025-08-14,OXYGEN_CYLINDER,51,HIGH,ESCALATED
738,392,2025-08-16,VENTILATOR,34,HIGH,ESCALATED
739,346,2025-08-28,OXYGEN_CYLINDER,92,MEDIUM,CANCELLED
740,292,2025-08-11,ICU_BEDS,67,MEDIUM,OPEN
741,73,2025-09-01,VENTILATOR,57,HIGH,OPEN
742,186,2025-08-27,VENTILATOR,62,LOW,FULFILLED
743,387,2025-09-02,DOCTORS,51,LOW,OPEN
744,128,2025-08-22,AMBULANCE,67,MEDIUM,FULFILLED
745,286,2025-09-02,AMBULANCE,5,MEDIUM,ESCALATED
746,45,2025-08-31,OXYGEN_CYLINDER,31,MEDIUM,FULFILLED
747,1,2025-08-27,ICU_BEDS,58,MEDIUM,ESCALATED
748,138,2025-08-30,DOCTORS,52,HIGH,FULFILLED
749,329,2025-09-05,DOCTORS,84,HIGH,CANCELLED
750,222,2025-08-14,OXYGEN_CYLINDER,66,MEDIUM,FULFILLED
751,200,2025-08-24,OXYGEN_CYLINDER,67,MEDIUM,ESCALATED
752,99,2025-08-22,OXYGEN_CYLINDER,51,LOW,ESCALATED
753,100,2025-08-19,VENTILATOR,44,MEDIUM,CANCELLED
754,368,2025-08-21,ICU_BEDS,28,MEDIUM,CANCELLED
755,271,2025-08-31,OXYGEN_CYLINDER,34,MEDIUM,OPEN
756,109,2025-08-19,ICU_BEDS,41,HIGH,FULFILLED
757,331,2025-08-08,ICU_BEDS,40,HIGH,FULFILLED
758,310,2025-08-09,ICU_BEDS,40,LOW,CANCELLED
759,118,2025-08-16,AMBULANCE,96,LOW,CANCELLED
760,30,2025-08-27,VENTILATOR,11,HIGH,OPEN
761,162,2025-08-11,OXYGEN_CYLINDER,54,MEDIUM,OPEN
762,356,2025-08-16,VENTILATOR,49,MEDIUM,OPEN
763,400,2025-08-27,AMBULANCE,56,HIGH,CANCELLED
764,297,2025-08-25,OXYGEN_CYLINDER,21,LOW,FULFILLED
765,276,2025-08-22,OXYGEN_CYLINDER,82,LOW,FULFILLED
766,208,2025-08-24,VENTILATOR,18,LOW,FULFILLED
767,262,2025-08-15,AMBULANCE,44,MEDIUM,FULFILLED
768,155,2025-08-23,AMBULANCE,77,MEDIUM,ESCALATED
769,313,2025-08-14,OXYGEN_CYLINDER,18,HIGH,FULFILLED
770,113,2025-08-18,AMBULANCE,30,MEDIUM,OPEN
771,3,2025-08-29,OXYGEN_CYLINDER,85,HIGH,ESCALATED
772,419,2025-08-17,OXYGEN_CYLINDER,24,LOW,OPEN
773,231,2025-08-28,DOCTORS,95,HIGH,ESCALATED
774,175,2025-08-31,DOCTORS,94,MEDIUM,CANCELLED
775,251,2025-08-22,VENTILATOR,76,MEDIUM,FULFILLED
776,227,2025-08-08,ICU_BEDS,62,MEDIUM,ESCALATED
777,168,2025-08-25,VENTILATOR,84,MEDIUM,OPEN
778,376,2025-08-24,AMBULANCE,45,HIGH,ESCALATED
779,43,2025-08-26,ICU_BEDS,91,MEDIUM,OPEN
780,391,2025-08-15,OXYGEN_CYLINDER,25,HIGH,CANCELLED
781,386,2025-08-31,DOCTORS,26,HIGH,FULFILLED
782,380,2025-08-07,ICU_BEDS,8,HIGH,OPEN
783,263,2025-08-12,VENTILATOR,58,MEDIUM,ESCALATED
784,347,2025-08-11,ICU_BEDS,80,HIGH,CANCELLED
785,302,2025-08-12,VENTILATOR,52,HIGH,CANCELLED
786,375,2025-08-24,DOCTORS,36,HIGH,FULFILLED
787,188,2025-08-30,DOCTORS,20,LOW,CANCELLED
788,408,2025-09-03,OXYGEN_CYLINDER,85,HIGH,ESCALATED
789,248,2025-09-02,VENTILATOR,64,MEDIUM,ESCALATED
790,375,2025-08-16,ICU_BEDS,69,MEDIUM,OPEN
791,99,2025-08-21,VENTILATOR,57,MEDIUM,OPEN
792,3,2025-08-26,ICU_BEDS,14,HIGH,OPEN
793,43,2025-09-01,ICU_BEDS,37,HIGH,ESCALATED
794,333,2025-09-05,OXYGEN_CYLINDER,18,HIGH,FULFILLED
795,19,2025-08-15,ICU_BEDS,32,MEDIUM,ESCALATED
796,92,2025-08-07,VENTILATOR,91,LOW,FULFILLED
797,49,2025-08-18,ICU_BEDS,56,HIGH,CANCELLED
798,208,2025-08-14,AMBULANCE,18,MEDIUM,OPEN
799,287,2025-09-05,AMBULANCE,99,LOW,ESCALATED
800,213,2025-08-29,ICU_BEDS,40,MEDIUM,ESCALATED
801,362,2025-08-30,DOCTORS,43,MEDIUM,OPEN
802,98,2025-08-26,DOCTORS,68,HIGH,ESCALATED
803,261,2025-08-25,AMBULANCE,49,MEDIUM,OPEN
804,245,2025-08-21,DOCTORS,52,MEDIUM,FULFILLED
805,152,2025-09-05,ICU_BEDS,63,MEDIUM,CANCELLED
806,174,2025-08-21,VENTILATOR,17,HIGH,OPEN
807,72,2025-08-14,OXYGEN_CYLINDER,46,MEDIUM,CANCELLED
808,317,2025-08-26,DOCTORS,34,MEDIUM,FULFILLED
809,205,2025-08-20,VENTILATOR,38,MEDIUM,CANCELLED
810,387,2025-08-10,DOCTORS,49,HIGH,CANCELLED
811,64,2025-08-24,OXYGEN_CYLINDER,46,LOW,CANCELLED
812,383,2025-08-27,AMBULANCE,61,HIGH,CANCELLED
813,251,2025-08-19,VENTILATOR,74,HIGH,FULFILLED
814,411,2025-09-05,ICU_BEDS,5,LOW,CANCELLED
815,40,2025-08-13,VENTILATOR,43,MEDIUM,OPEN
816,19,2025-08-08,AMBULANCE,10,MEDIUM,CANCELLED
817,94,2025-08-16,ICU_BEDS,85,LOW,ESCALATED
818,274,2025-08-30,AMBULANCE,68,LOW,ESCALATED
819,340,2025-08-22,AMBULANCE,43,HIGH,CANCELLED
820,41,2025-08-08,OXYGEN_CYLINDER,43,HIGH,FULFILLED
821,299,2025-08-17,AMBULANCE,19,LOW,CANCELLED
822,142,2025-09-01,AMBULANCE,95,MEDIUM,FULFILLED
823,41,2025-08-19,AMBULANCE,39,LOW,CANCELLED
824,256,2025-08-15,OXYGEN_CYLINDER,11,MEDIUM,FULFILLED
825,64,2025-08-12,ICU_BEDS,24,LOW,ESCALATED
826,298,2025-08-30,AMBULANCE,89,HIGH,CANCELLED
827,394,2025-08-13,DOCTORS,27,HIGH,FULFILLED
828,205,2025-08-10,AMBULANCE,80,MEDIUM,ESCALATED
829,63,2025-08-12,ICU_BEDS,21,HIGH,OPEN
830,252,2025-08-16,ICU_BEDS,97,MEDIUM,CANCELLED
831,79,2025-09-03,OXYGEN_CYLINDER,76,MEDIUM,OPEN
832,13,2025-08-22,VENTILATOR,78,LOW,OPEN
833,379,2025-08-11,DOCTORS,52,LOW,OPEN
834,180,2025-08-16,OXYGEN_CYLINDER,13,HIGH,FULFILLED
835,211,2025-08-27,DOCTORS,72,MEDIUM,FULFILLED
836,233,2025-08-19,OXYGEN_CYLINDER,11,HIGH,FULFILLED
837,354,2025-08-18,OXYGEN_CYLINDER,75,LOW,FULFILLED
838,219,2025-09-03,VENTILATOR,34,LOW,OPEN
839,68,2025-08-17,VENTILATOR,62,MEDIUM,CANCELLED
840,181,2025-08-13,OXYGEN_CYLINDER,84,MEDIUM,ESCALATED
841,278,2025-08-12,DOCTORS,6,HIGH,FULFILLED
842,8,2025-08-23,ICU_BEDS,95,LOW,OPEN
843,37,2025-08-22,VENTILATOR,84,LOW,FULFILLED
844,416,2025-08-11,VENTILATOR,52,MEDIUM,OPEN
845,312,2025-08-31,ICU_BEDS,77,HIGH,CANCELLED
846,103,2025-08-07,DOCTORS,28,LOW,FULFILLED
847,273,2025-08-13,DOCTORS,35,LOW,CANCELLED
848,94,2025-08-31,AMBULANCE,26,MEDIUM,CANCELLED
849,76,2025-09-04,DOCTORS,78,LOW,ESCALATED
850,39,2025-08-07,ICU_BEDS,49,HIGH,OPEN
851,287,2025-08-29,AMBULANCE,38,HIGH,CANCELLED
852,191,2025-08-17,OXYGEN_CYLINDER,96,MEDIUM,FULFILLED
853,391,2025-08-23,ICU_BEDS,41,MEDIUM,ESCALATED
854,43,2025-09-01,OXYGEN_CYLINDER,50,MEDIUM,FULFILLED
855,380,2025-08-09,DOCTORS,90,MEDIUM,CANCELLED
856,125,2025-08-22,OXYGEN_CYLINDER,96,HIGH,CANCELLED
857,200,2025-08-25,VENTILATOR,92,LOW,CANCELLED
858,115,2025-08-27,OXYGEN_CYLINDER,32,LOW,ESCALATED
859,349,2025-08-23,OXYGEN_CYLINDER,23,HIGH,CANCELLED
860,267,2025-09-01,DOCTORS,66,LOW,CANCELLED
861,2,2025-08-15,AMBULANCE,55,MEDIUM,CANCELLED
862,399,2025-08-16,DOCTORS,17,LOW,OPEN
863,124,2025-08-16,OXYGEN_CYLINDER,75,LOW,CANCELLED
864,284,2025-08-13,DOCTORS,89,LOW,CANCELLED
865,87,2025-08-12,AMBULANCE,88,LOW,OPEN
866,350,2025-08-09,OXYGEN_CYLINDER,51,LOW,ESCALATED
867,392,2025-08-16,OXYGEN_CYLINDER,69,MEDIUM,ESCALATED
868,410,2025-08-19,AMBULANCE,70,MEDIUM,OPEN
869,78,2025-08-26,ICU_BEDS,76,HIGH,ESCALATED
870,327,2025-08-19,VENTILATOR,81,MEDIUM,CANCELLED
871,394,2025-08-16,ICU_BEDS,97,HIGH,FULFILLED
872,386,2025-08-31,OXYGEN_CYLINDER,88,MEDIUM,OPEN
873,382,2025-08-15,VENTILATOR,53,LOW,OPEN
874,182,2025-08-31,OXYGEN_CYLINDER,41,MEDIUM,CANCELLED
875,343,2025-08-21,VENTILATOR,16,HIGH,OPEN
876,250,2025-08-12,AMBULANCE,71,MEDIUM,FULFILLED
877,379,2025-08-11,OXYGEN_CYLINDER,46,LOW,OPEN
878,405,2025-08-24,OXYGEN_CYLINDER,26,MEDIUM,ESCALATED
879,173,2025-08-31,ICU_BEDS,28,MEDIUM,ESCALATED
880,356,2025-09-03,ICU_BEDS,45,MEDIUM,CANCELLED
881,9,2025-08-15,AMBULANCE,67,LOW,OPEN
882,26,2025-08-31,ICU_BEDS,85,MEDIUM,FULFILLED
883,238,2025-08-07,OXYGEN_CYLINDER,82,LOW,OPEN
884,262,2025-09-01,ICU_BEDS,97,MEDIUM,FULFILLED
885,71,2025-08-28,ICU_BEDS,98,MEDIUM,FULFILLED
886,42,2025-09-05,VENTILATOR,69,LOW,ESCALATED
887,236,2025-08-20,DOCTORS,11,LOW,OPEN
888,306,2025-08-27,OXYGEN_CYLINDER,20,LOW,CANCELLED
889,275,2025-09-01,ICU_BEDS,36,LOW,FULFILLED
890,195,2025-08-29,VENTILATOR,66,MEDIUM,CANCELLED
891,401,2025-08-25,AMBULANCE,37,LOW,OPEN
892,298,2025-08-24,AMBULANCE,56,HIGH,OPEN
893,93,2025-08-08,OXYGEN_CYLINDER,54,LOW,ESCALATED
894,388,2025-08-25,OXYGEN_CYLINDER,10,HIGH,ESCALATED
895,347,2025-08-11,ICU_BEDS,82,MEDIUM,ESCALATED
896,16,2025-08-27,VENTILATOR,32,HIGH,CANCELLED
897,80,2025-08-10,AMBULANCE,37,LOW,CANCELLED
898,187,2025-09-01,AMBULANCE,50,MEDIUM,OPEN
899,158,2025-08-30,OXYGEN_CYLINDER,62,MEDIUM,CANCELLED
900,391,2025-08-20,OXYGEN_CYLINDER,82,HIGH,CANCELLED
901,14,2025-08-13,DOCTORS,66,LOW,CANCELLED
902,162,2025-08-09,ICU_BEDS,8,HIGH,OPEN
903,268,2025-08-17,AMBULANCE,33,MEDIUM,FULFILLED
904,179,2025-09-03,AMBULANCE,19,LOW,ESCALATED
905,101,2025-08-14,VENTILATOR,14,HIGH,OPEN
906,34,2025-08-23,ICU_BEDS,64,LOW,CANCELLED
907,377,2025-08-24,OXYGEN_CYLINDER,6,MEDIUM,CANCELLED
908,364,2025-08-11,ICU_BEDS,45,HIGH,OPEN
909,272,2025-09-02,ICU_BEDS,56,LOW,FULFILLED
910,389,2025-08-16,ICU_BEDS,18,HIGH,FULFILLED
911,74,2025-08-11,AMBULANCE,48,LOW,ESCALATED
912,44,2025-08-11,VENTILATOR,17,MEDIUM,CANCELLED
913,178,2025-08-18,OXYGEN_CYLINDER,42,HIGH,OPEN
914,44,2025-09-03,VENTILATOR,15,LOW,ESCALATED
915,166,2025-08-31,AMBULANCE,62,LOW,CANCELLED
916,387,2025-08-28,AMBULANCE,11,HIGH,OPEN
917,51,2025-08-09,VENTILATOR,25,MEDIUM,OPEN
918,334,2025-08-21,VENTILATOR,63,MEDIUM,CANCELLED
919,300,2025-08-07,AMBULANCE,17,LOW,CANCELLED
920,4,2025-08-26,ICU_BEDS,40,HIGH,ESCALATED
921,89,2025-08-18,OXYGEN_CYLINDER,57,HIGH,ESCALATED
922,212,2025-09-05,VENTILATOR,42,MEDIUM,OPEN
923,290,2025-08-28,OXYGEN_CYLINDER,29,HIGH,FULFILLED
924,82,2025-08-24,AMBULANCE,37,HIGH,OPEN
925,418,2025-08-18,ICU_BEDS,28,HIGH,ESCALATED
926,154,2025-09-01,OXYGEN_CYLINDER,95,MEDIUM,CANCELLED
927,105,2025-08-14,VENTILATOR,59,MEDIUM,ESCALATED
928,246,2025-08-12,AMBULANCE,86,LOW,OPEN
929,54,2025-08-25,DOCTORS,56,LOW,FULFILLED
930,386,2025-09-03,OXYGEN_CYLINDER,6,LOW,FULFILLED
931,408,2025-08-31,VENTILATOR,90,LOW,CANCELLED
932,284,2025-08-18,AMBULANCE,65,MEDIUM,CANCELLED
933,333,2025-08-30,AMBULANCE,63,LOW,FULFILLED
934,390,2025-08-11,VENTILATOR,84,HIGH,CANCELLED
935,80,2025-08-16,VENTILATOR,88,HIGH,OPEN
936,293,2025-09-01,AMBULANCE,69,LOW,FULFILLED
937,122,2025-08-07,ICU_BEDS,99,HIGH,FULFILLED
938,261,2025-08-29,OXYGEN_CYLINDER,13,MEDIUM,FULFILLED
939,382,2025-08-28,VENTILATOR,16,LOW,CANCELLED
940,67,2025-08-11,OXYGEN_CYLINDER,34,LOW,FULFILLED
941,376,2025-08-31,AMBULANCE,43,MEDIUM,FULFILLED
942,91,2025-08-13,AMBULANCE,23,MEDIUM,OPEN
943,386,2025-09-01,AMBULANCE,52,HIGH,ESCALATED
944,153,2025-08-23,DOCTORS,68,LOW,OPEN
945,150,2025-08-07,VENTILATOR,92,LOW,OPEN
946,195,2025-08-24,AMBULANCE,54,MEDIUM,ESCALATED
947,331,2025-09-01,AMBULANCE,88,LOW,CANCELLED
948,11,2025-08-13,VENTILATOR,91,LOW,FULFILLED
949,220,2025-08-26,VENTILATOR,88,MEDIUM,OPEN
950,377,2025-08-10,ICU_BEDS,69,MEDIUM,CANCELLED
951,347,2025-08-21,ICU_BEDS,61,HIGH,FULFILLED
952,41,2025-08-24,DOCTORS,39,MEDIUM,FULFILLED
953,327,2025-08-11,DOCTORS,41,HIGH,CANCELLED
954,181,2025-08-11,OXYGEN_CYLINDER,70,MEDIUM,FULFILLED
955,225,2025-08-17,OXYGEN_CYLINDER,22,MEDIUM,ESCALATED
956,214,2025-08-30,VENTILATOR,34,MEDIUM,CANCELLED
957,222,2025-08-15,VENTILATOR,99,LOW,OPEN
958,78,2025-08-27,OXYGEN_CYLINDER,68,LOW,OPEN
959,80,2025-08-16,AMBULANCE,25,MEDIUM,CANCELLED
960,254,2025-08-17,DOCTORS,62,HIGH,ESCALATED
961,22,2025-08-22,DOCTORS,47,LOW,CANCELLED
962,269,2025-08-21,DOCTORS,16,LOW,OPEN
963,35,2025-08-29,OXYGEN_CYLINDER,80,LOW,OPEN
964,23,2025-09-04,AMBULANCE,83,HIGH,ESCALATED
965,382,2025-08-21,ICU_BEDS,14,MEDIUM,OPEN
966,42,2025-09-05,ICU_BEDS,72,LOW,CANCELLED
967,174,2025-08-26,ICU_BEDS,92,LOW,CANCELLED
968,380,2025-08-16,ICU_BEDS,30,LOW,FULFILLED
969,379,2025-08-09,ICU_BEDS,96,HIGH,CANCELLED
970,402,2025-08-16,AMBULANCE,46,MEDIUM,OPEN
971,240,2025-08-28,ICU_BEDS,56,LOW,ESCALATED
972,218,2025-08-09,OXYGEN_CYLINDER,84,LOW,ESCALATED
973,353,2025-08-26,VENTILATOR,12,HIGH,ESCALATED
974,337,2025-08-22,VENTILATOR,38,LOW,FULFILLED
975,286,2025-08-21,OXYGEN_CYLINDER,15,HIGH,OPEN
976,46,2025-08-14,AMBULANCE,68,LOW,ESCALATED
977,156,2025-08-31,OXYGEN_CYLINDER,49,LOW,CANCELLED
978,297,2025-08-16,VENTILATOR,82,HIGH,OPEN
979,277,2025-08-20,ICU_BEDS,50,HIGH,ESCALATED
980,257,2025-08-28,AMBULANCE,97,LOW,CANCELLED
981,238,2025-08-17,OXYGEN_CYLINDER,30,HIGH,FULFILLED
982,290,2025-08-23,VENTILATOR,64,MEDIUM,OPEN
983,174,2025-08-17,DOCTORS,13,HIGH,FULFILLED
984,127,2025-09-05,DOCTORS,94,HIGH,FULFILLED
985,171,2025-08-29,ICU_BEDS,73,LOW,CANCELLED
986,123,2025-08-25,AMBULANCE,49,MEDIUM,OPEN
987,89,2025-08-16,DOCTORS,87,MEDIUM,OPEN
988,132,2025-09-05,OXYGEN_CYLINDER,65,MEDIUM,OPEN
989,346,2025-08-12,VENTILATOR,70,MEDIUM,ESCALATED
990,14,2025-08-21,VENTILATOR,33,LOW,CANCELLED
991,337,2025-08-10,AMBULANCE,71,MEDIUM,OPEN
992,116,2025-08-22,OXYGEN_CYLINDER,99,LOW,ESCALATED
993,220,2025-09-05,VENTILATOR,77,LOW,CANCELLED
994,133,2025-09-02,AMBULANCE,94,LOW,ESCALATED
995,181,2025-08-20,AMBULANCE,65,MEDIUM,CANCELLED
996,1,2025-09-01,ICU_BEDS,96,LOW,ESCALATED
997,35,2025-08-18,VENTILATOR,54,HIGH,ESCALATED
998,20,2025-08-18,ICU_BEDS,30,LOW,ESCALATED
999,305,2025-08-12,OXYGEN_CYLINDER,18,MEDIUM,CANCELLED
1000,64,2025-08-10,AMBULANCE,44,HIGH,ESCALATED
